{
    "0": {
        "precision": 0.7325100948445864,
        "recall": 0.36661653428584856,
        "f1-score": 0.4886612792081689,
        "support": 42554
    },
    "1": {
        "precision": 0.6274843132376925,
        "recall": 0.8885083564914478,
        "f1-score": 0.7355247383598483,
        "support": 51098
    },
    "accuracy": 0.6513688976209798,
    "macro avg": {
        "precision": 0.6799972040411395,
        "recall": 0.6275624453886481,
        "f1-score": 0.6120930087840086,
        "support": 93652
    },
    "weighted avg": {
        "precision": 0.6752063812180854,
        "recall": 0.6513688976209798,
        "f1-score": 0.6233538542277361,
        "support": 93652
    }
}