{
    "0": {
        "precision": 0.7434006211180124,
        "recall": 0.7072945521698984,
        "f1-score": 0.7248982681934325,
        "support": 5415
    },
    "1": {
        "precision": 0.7581998474446987,
        "recall": 0.7898919262555626,
        "f1-score": 0.7737214913987701,
        "support": 6292
    },
    "accuracy": 0.7516870248569232,
    "macro avg": {
        "precision": 0.7508002342813556,
        "recall": 0.7485932392127306,
        "f1-score": 0.7493098797961013,
        "support": 11707
    },
    "weighted avg": {
        "precision": 0.7513545573995115,
        "recall": 0.7516870248569232,
        "f1-score": 0.7511386133209617,
        "support": 11707
    }
}