{
    "0": {
        "precision": 0.763109048723898,
        "recall": 0.6073868882733149,
        "f1-score": 0.676401028277635,
        "support": 5415
    },
    "1": {
        "precision": 0.712586183587941,
        "recall": 0.837730451366815,
        "f1-score": 0.7701073854920009,
        "support": 6292
    },
    "accuracy": 0.7311864696335526,
    "macro avg": {
        "precision": 0.7378476161559195,
        "recall": 0.722558669820065,
        "f1-score": 0.723254206884818,
        "support": 11707
    },
    "weighted avg": {
        "precision": 0.7359552204642719,
        "recall": 0.7311864696335526,
        "f1-score": 0.7267640930758574,
        "support": 11707
    }
}