{
    "0": {
        "precision": 0.7874527846411633,
        "recall": 0.6515721201297175,
        "f1-score": 0.7130971516749182,
        "support": 42554
    },
    "1": {
        "precision": 0.746291131226365,
        "recall": 0.853536341931191,
        "f1-score": 0.7963191192178127,
        "support": 51098
    },
    "accuracy": 0.7617669670695767,
    "macro avg": {
        "precision": 0.7668719579337642,
        "recall": 0.7525542310304543,
        "f1-score": 0.7547081354463654,
        "support": 93652
    },
    "weighted avg": {
        "precision": 0.7649943409753649,
        "recall": 0.7617669670695767,
        "f1-score": 0.7585043623859209,
        "support": 93652
    }
}