{
    "0": {
        "precision": 0.803030303030303,
        "recall": 0.6526296000375993,
        "f1-score": 0.7200601519354923,
        "support": 42554
    },
    "1": {
        "precision": 0.7497460553937835,
        "recall": 0.8666875415867549,
        "f1-score": 0.8039867109634552,
        "support": 51098
    },
    "accuracy": 0.7694229701447913,
    "macro avg": {
        "precision": 0.7763881792120433,
        "recall": 0.759658570812177,
        "f1-score": 0.7620234314494738,
        "support": 93652
    },
    "weighted avg": {
        "precision": 0.7739575818312803,
        "recall": 0.7694229701447913,
        "f1-score": 0.7658517988112755,
        "support": 93652
    }
}