{
    "0": {
        "precision": 0.7777514231499051,
        "recall": 0.6055401662049862,
        "f1-score": 0.680926175890354,
        "support": 5415
    },
    "1": {
        "precision": 0.7148578293952743,
        "recall": 0.8510807374443738,
        "f1-score": 0.7770441848654139,
        "support": 6292
    },
    "accuracy": 0.7375074741607586,
    "macro avg": {
        "precision": 0.7463046262725896,
        "recall": 0.72831045182468,
        "f1-score": 0.728985180377884,
        "support": 11707
    },
    "weighted avg": {
        "precision": 0.7439488698139404,
        "recall": 0.7375074741607586,
        "f1-score": 0.7325853979345223,
        "support": 11707
    }
}