{
    "0": {
        "precision": 0.9047792776358993,
        "recall": 0.9163125808239424,
        "f1-score": 0.9105094079853143,
        "support": 5413
    },
    "1": {
        "precision": 0.9271352742480296,
        "recall": 0.9169583200763601,
        "f1-score": 0.922018715508278,
        "support": 6286
    },
    "accuracy": 0.9166595435507309,
    "macro avg": {
        "precision": 0.9159572759419644,
        "recall": 0.9166354504501513,
        "f1-score": 0.9162640617467961,
        "support": 11699
    },
    "weighted avg": {
        "precision": 0.9167913978772748,
        "recall": 0.9166595435507309,
        "f1-score": 0.9166934841533073,
        "support": 11699
    }
}