{
    "0": {
        "precision": 0.9060600798749783,
        "recall": 0.9637975618766161,
        "f1-score": 0.9340374116172917,
        "support": 5414
    },
    "1": {
        "precision": 0.9670089210570612,
        "recall": 0.9139357301940821,
        "f1-score": 0.9397235626073446,
        "support": 6286
    },
    "accuracy": 0.937008547008547,
    "macro avg": {
        "precision": 0.9365345004660197,
        "recall": 0.9388666460353492,
        "f1-score": 0.9368804871123182,
        "support": 11700
    },
    "weighted avg": {
        "precision": 0.9388057564280188,
        "recall": 0.937008547008547,
        "f1-score": 0.9370923812859646,
        "support": 11700
    }
}