{
    "0": {
        "precision": 0.8975574188844331,
        "recall": 0.9096619249953815,
        "f1-score": 0.9035691347830076,
        "support": 5413
    },
    "1": {
        "precision": 0.9212940608401738,
        "recall": 0.9105949729557747,
        "f1-score": 0.9159132730618449,
        "support": 6286
    },
    "accuracy": 0.9101632618172494,
    "macro avg": {
        "precision": 0.9094257398623035,
        "recall": 0.9101284489755781,
        "f1-score": 0.9097412039224262,
        "support": 11699
    },
    "weighted avg": {
        "precision": 0.9103113748921078,
        "recall": 0.9101632618172494,
        "f1-score": 0.9102017746001518,
        "support": 11699
    }
}