{
    "0": {
        "precision": 0.7626449676948447,
        "recall": 0.6629459040278235,
        "f1-score": 0.7093091960525489,
        "support": 42554
    },
    "1": {
        "precision": 0.7468629215862763,
        "recall": 0.8281733140240323,
        "f1-score": 0.7854193153240102,
        "support": 51098
    },
    "accuracy": 0.7530965702814676,
    "macro avg": {
        "precision": 0.7547539446405604,
        "recall": 0.7455596090259279,
        "f1-score": 0.7473642556882796,
        "support": 93652
    },
    "weighted avg": {
        "precision": 0.7540340358187969,
        "recall": 0.7530965702814676,
        "f1-score": 0.7508360708073127,
        "support": 93652
    }
}