{
    "0": {
        "precision": 0.7447744774477447,
        "recall": 0.6251154201292706,
        "f1-score": 0.679718875502008,
        "support": 5415
    },
    "1": {
        "precision": 0.7165596202178163,
        "recall": 0.8156389065479974,
        "f1-score": 0.7628957930726921,
        "support": 6292
    },
    "accuracy": 0.7275134534893654,
    "macro avg": {
        "precision": 0.7306670488327804,
        "recall": 0.720377163338634,
        "f1-score": 0.72130733428735,
        "support": 11707
    },
    "weighted avg": {
        "precision": 0.7296102268548763,
        "recall": 0.7275134534893654,
        "f1-score": 0.7244228274414242,
        "support": 11707
    }
}