{
    "0": {
        "precision": 0.8892907724152957,
        "recall": 0.9591107768952389,
        "f1-score": 0.922882112855996,
        "support": 42554
    },
    "1": {
        "precision": 0.963565550599912,
        "recall": 0.9005636228423813,
        "f1-score": 0.9309999494208689,
        "support": 51098
    },
    "accuracy": 0.9271665314141716,
    "macro avg": {
        "precision": 0.9264281615076039,
        "recall": 0.9298371998688102,
        "f1-score": 0.9269410311384325,
        "support": 93652
    },
    "weighted avg": {
        "precision": 0.9298162562883312,
        "recall": 0.9271665314141716,
        "f1-score": 0.9273113318026482,
        "support": 93652
    }
}