{
    "0": {
        "precision": 0.8850594520075823,
        "recall": 0.9484764542936288,
        "f1-score": 0.9156712426457478,
        "support": 5415
    },
    "1": {
        "precision": 0.9527439024390244,
        "recall": 0.8939923712650986,
        "f1-score": 0.9224335847818959,
        "support": 6292
    },
    "accuracy": 0.9191936448278808,
    "macro avg": {
        "precision": 0.9189016772233034,
        "recall": 0.9212344127793637,
        "f1-score": 0.9190524137138218,
        "support": 11707
    },
    "weighted avg": {
        "precision": 0.9214368810769112,
        "recall": 0.9191936448278808,
        "f1-score": 0.9193057055073385,
        "support": 11707
    }
}