{
    "0": {
        "precision": 0.8806522104555388,
        "recall": 0.967676394532693,
        "f1-score": 0.9221156384757545,
        "support": 5414
    },
    "1": {
        "precision": 0.9695705094766127,
        "recall": 0.8870505886096086,
        "f1-score": 0.9264766968513748,
        "support": 6286
    },
    "accuracy": 0.9243589743589744,
    "macro avg": {
        "precision": 0.9251113599660757,
        "recall": 0.9273634915711508,
        "f1-score": 0.9242961676635646,
        "support": 11700
    },
    "weighted avg": {
        "precision": 0.9284248965791688,
        "recall": 0.9243589743589744,
        "f1-score": 0.9244586823175621,
        "support": 11700
    }
}