{
    "0": {
        "precision": 0.8956269217628972,
        "recall": 0.9684152198005171,
        "f1-score": 0.930599929002485,
        "support": 5414
    },
    "1": {
        "precision": 0.9707492302429012,
        "recall": 0.9027998727330576,
        "f1-score": 0.9355423672931091,
        "support": 6286
    },
    "accuracy": 0.9331623931623931,
    "macro avg": {
        "precision": 0.9331880760028992,
        "recall": 0.9356075462667874,
        "f1-score": 0.9330711481477971,
        "support": 11700
    },
    "weighted avg": {
        "precision": 0.9359875056180514,
        "recall": 0.9331623931623931,
        "f1-score": 0.9332553278994818,
        "support": 11700
    }
}