{
    "0": {
        "precision": 0.7357546759460635,
        "recall": 0.6247460757156048,
        "f1-score": 0.6757215619694398,
        "support": 5415
    },
    "1": {
        "precision": 0.7141651427767618,
        "recall": 0.8068976478067387,
        "f1-score": 0.7577046489067979,
        "support": 6292
    },
    "accuracy": 0.7226445716238148,
    "macro avg": {
        "precision": 0.7249599093614126,
        "recall": 0.7158218617611718,
        "f1-score": 0.7167131054381188,
        "support": 11707
    },
    "weighted avg": {
        "precision": 0.7241512469974647,
        "recall": 0.7226445716238148,
        "f1-score": 0.7197838822060382,
        "support": 11707
    }
}