{
    "0": {
        "precision": 0.7454123488773747,
        "recall": 0.6491046670113267,
        "f1-score": 0.6939329229996232,
        "support": 42554
    },
    "1": {
        "precision": 0.7361651000070676,
        "recall": 0.8153743786449568,
        "f1-score": 0.773747841105354,
        "support": 51098
    },
    "accuracy": 0.7398240293853842,
    "macro avg": {
        "precision": 0.7407887244422211,
        "recall": 0.7322395228281418,
        "f1-score": 0.7338403820524886,
        "support": 93652
    },
    "weighted avg": {
        "precision": 0.7403669048636328,
        "recall": 0.7398240293853842,
        "f1-score": 0.7374811941029272,
        "support": 93652
    }
}