{
    "0": {
        "precision": 0.9004214963119073,
        "recall": 0.9468144044321329,
        "f1-score": 0.9230353767215771,
        "support": 5415
    },
    "1": {
        "precision": 0.9521037751538334,
        "recall": 0.9098855689764781,
        "f1-score": 0.9305160503860219,
        "support": 6292
    },
    "accuracy": 0.9269667720167422,
    "macro avg": {
        "precision": 0.9262626357328703,
        "recall": 0.9283499867043055,
        "f1-score": 0.9267757135537995,
        "support": 11707
    },
    "weighted avg": {
        "precision": 0.9281984586825743,
        "recall": 0.9269667720167422,
        "f1-score": 0.9270559113330648,
        "support": 11707
    }
}