{
    "0": {
        "precision": 0.9102712060011541,
        "recall": 0.9638341871504441,
        "f1-score": 0.9362872665844862,
        "support": 42554
    },
    "1": {
        "precision": 0.9683294233856031,
        "recall": 0.9208775294532076,
        "f1-score": 0.944007543233158,
        "support": 51098
    },
    "accuracy": 0.9403963609960279,
    "macro avg": {
        "precision": 0.9393003146933786,
        "recall": 0.9423558583018259,
        "f1-score": 0.9401474049088221,
        "support": 93652
    },
    "weighted avg": {
        "precision": 0.9419486799676532,
        "recall": 0.9403963609960279,
        "f1-score": 0.9404995706056907,
        "support": 93652
    }
}